Unit price,Quantity,Tax 5%,Total,cogs,gross margin percentage,gross income
74.69,7,26.1415,548.9715,522.83,4.761904762,26.1415
15.28,5,3.82,80.22,76.4,4.761904762,3.82
46.33,7,16.2155,340.5255,324.31,4.761904762,16.2155
58.22,8,23.288,489.048,465.76,4.761904762,23.288
86.31,7,30.2085,634.3785,604.17,4.761904762,30.2085
85.39,7,29.8865,627.6165,597.73,4.761904762,29.8865
68.84,6,20.652,433.692,413.04,4.761904762,20.652
73.56,10,36.78,772.38,735.6,4.761904762,36.78
36.26,2,3.626,76.146,72.52,4.761904762,3.626
54.84,3,8.226,172.746,164.52,4.761904762,8.226
14.48,4,2.896,60.816,57.92,4.761904762,2.896
25.51,4,5.102,107.142,102.04,4.761904762,5.102
46.95,5,11.7375,246.4875,234.75,4.761904762,11.7375
43.19,10,21.595,453.495,431.9,4.761904762,21.595
71.38,10,35.69,749.49,713.8,4.761904762,35.69
93.72,6,28.116,590.436,562.32,4.761904762,28.116
68.93,7,24.1255,506.6355,482.51,4.761904762,24.1255
72.61,6,21.783,457.443,435.66,4.761904762,21.783
54.67,3,8.2005,172.2105,164.01,4.761904762,8.2005
40.3,2,4.03,84.63,80.6,4.761904762,4.03
86.04,5,21.51,451.71,430.2,4.761904762,21.51
87.98,3,13.197,277.137,263.94,4.761904762,13.197
33.2,2,3.32,69.72,66.4,4.761904762,3.32
34.56,5,8.64,181.44,172.8,4.761904762,8.64
88.63,3,13.2945,279.1845,265.89,4.761904762,13.2945
52.59,8,21.036,441.756,420.72,4.761904762,21.036
33.52,1,1.676,35.196,33.52,4.761904762,1.676
87.67,2,8.767,184.107,175.34,4.761904762,8.767
88.36,5,22.09,463.89,441.8,4.761904762,22.09
24.89,9,11.2005,235.2105,224.01,4.761904762,11.2005
94.13,5,23.5325,494.1825,470.65,4.761904762,23.5325
78.07,9,35.1315,737.7615,702.63,4.761904762,35.1315
83.78,8,33.512,703.752,670.24,4.761904762,33.512
96.58,2,9.658,202.818,193.16,4.761904762,9.658
99.42,4,19.884,417.564,397.68,4.761904762,19.884
68.12,1,3.406,71.526,68.12,4.761904762,3.406
62.62,5,15.655,328.755,313.1,4.761904762,15.655
60.88,9,27.396,575.316,547.92,4.761904762,27.396
54.92,8,21.968,461.328,439.36,4.761904762,21.968
30.12,8,12.048,253.008,240.96,4.761904762,12.048
86.72,1,4.336,91.056,86.72,4.761904762,4.336
56.11,2,5.611,117.831,112.22,4.761904762,5.611
69.12,6,20.736,435.456,414.72,4.761904762,20.736
98.7,8,39.48,829.08,789.6,4.761904762,39.48
15.37,2,1.537,32.277,30.74,4.761904762,1.537
93.96,4,18.792,394.632,375.84,4.761904762,18.792
56.69,9,25.5105,535.7205,510.21,4.761904762,25.5105
20.01,9,9.0045,189.0945,180.09,4.761904762,9.0045
18.93,6,5.679,119.259,113.58,4.761904762,5.679
82.63,10,41.315,867.615,826.3,4.761904762,41.315
91.4,7,31.99,671.79,639.8,4.761904762,31.99
44.59,5,11.1475,234.0975,222.95,4.761904762,11.1475
17.87,4,3.574,75.054,71.48,4.761904762,3.574
15.43,1,0.7715,16.2015,15.43,4.761904762,0.7715
16.16,2,1.616,33.936,32.32,4.761904762,1.616
85.98,8,34.392,722.232,687.84,4.761904762,34.392
44.34,2,4.434,93.114,88.68,4.761904762,4.434
89.6,8,35.84,752.64,716.8,4.761904762,35.84
72.35,10,36.175,759.675,723.5,4.761904762,36.175
30.61,6,9.183,192.843,183.66,4.761904762,9.183
24.74,3,3.711,77.931,74.22,4.761904762,3.711
55.73,6,16.719,351.099,334.38,4.761904762,16.719
55.07,9,24.7815,520.4115,495.63,4.761904762,24.7815
15.81,10,7.905,166.005,158.1,4.761904762,7.905
75.74,4,15.148,318.108,302.96,4.761904762,15.148
15.87,10,7.935,166.635,158.7,4.761904762,7.935
33.47,2,3.347,70.287,66.94,4.761904762,3.347
97.61,6,29.283,614.943,585.66,4.761904762,29.283
78.77,10,39.385,827.085,787.7,4.761904762,39.385
18.33,1,0.9165,19.2465,18.33,4.761904762,0.9165
89.48,10,44.74,939.54,894.8,4.761904762,44.74
62.12,10,31.06,652.26,621.2,4.761904762,31.06
48.52,3,7.278,152.838,145.56,4.761904762,7.278
75.91,6,22.773,478.233,455.46,4.761904762,22.773
74.67,9,33.6015,705.6315,672.03,4.761904762,33.6015
41.65,10,20.825,437.325,416.5,4.761904762,20.825
49.04,9,22.068,463.428,441.36,4.761904762,22.068
20.01,9,9.0045,189.0945,180.09,4.761904762,9.0045
78.31,10,39.155,822.255,783.1,4.761904762,39.155
20.38,5,5.095,106.995,101.9,4.761904762,5.095
99.19,6,29.757,624.897,595.14,4.761904762,29.757
96.68,3,14.502,304.542,290.04,4.761904762,14.502
19.25,8,7.7,161.7,154,4.761904762,7.7
80.36,4,16.072,337.512,321.44,4.761904762,16.072
48.91,5,12.2275,256.7775,244.55,4.761904762,12.2275
83.06,7,29.071,610.491,581.42,4.761904762,29.071
76.52,5,19.13,401.73,382.6,4.761904762,19.13
49.38,7,17.283,362.943,345.66,4.761904762,17.283
42.47,1,2.1235,44.5935,42.47,4.761904762,2.1235
76.99,6,23.097,485.037,461.94,4.761904762,23.097
47.38,4,9.476,198.996,189.52,4.761904762,9.476
44.86,10,22.43,471.03,448.6,4.761904762,22.43
21.98,7,7.693,161.553,153.86,4.761904762,7.693
64.36,9,28.962,608.202,579.24,4.761904762,28.962
89.75,1,4.4875,94.2375,89.75,4.761904762,4.4875
97.16,1,4.858,102.018,97.16,4.761904762,4.858
87.87,10,43.935,922.635,878.7,4.761904762,43.935
12.45,6,3.735,78.435,74.7,4.761904762,3.735
52.75,3,7.9125,166.1625,158.25,4.761904762,7.9125
82.7,6,24.81,521.01,496.2,4.761904762,24.81
48.71,1,2.4355,51.1455,48.71,4.761904762,2.4355
78.55,9,35.3475,742.2975,706.95,4.761904762,35.3475
23.07,9,10.3815,218.0115,207.63,4.761904762,10.3815
58.26,6,17.478,367.038,349.56,4.761904762,17.478
30.35,7,10.6225,223.0725,212.45,4.761904762,10.6225
88.67,10,44.335,931.035,886.7,4.761904762,44.335
27.38,6,8.214,172.494,164.28,4.761904762,8.214
62.13,6,18.639,391.419,372.78,4.761904762,18.639
33.98,9,15.291,321.111,305.82,4.761904762,15.291
81.97,10,40.985,860.685,819.7,4.761904762,40.985
16.49,2,1.649,34.629,32.98,4.761904762,1.649
98.21,3,14.7315,309.3615,294.63,4.761904762,14.7315
72.84,7,25.494,535.374,509.88,4.761904762,25.494
58.07,9,26.1315,548.7615,522.63,4.761904762,26.1315
80.79,9,36.3555,763.4655,727.11,4.761904762,36.3555
27.02,3,4.053,85.113,81.06,4.761904762,4.053
21.94,5,5.485,115.185,109.7,4.761904762,5.485
51.36,1,2.568,53.928,51.36,4.761904762,2.568
10.96,10,5.48,115.08,109.6,4.761904762,5.48
53.44,2,5.344,112.224,106.88,4.761904762,5.344
99.56,8,39.824,836.304,796.48,4.761904762,39.824
57.12,7,19.992,419.832,399.84,4.761904762,19.992
99.96,9,44.982,944.622,899.64,4.761904762,44.982
63.91,8,25.564,536.844,511.28,4.761904762,25.564
56.47,8,22.588,474.348,451.76,4.761904762,22.588
93.69,7,32.7915,688.6215,655.83,4.761904762,32.7915
32.25,5,8.0625,169.3125,161.25,4.761904762,8.0625
31.73,9,14.2785,299.8485,285.57,4.761904762,14.2785
68.54,8,27.416,575.736,548.32,4.761904762,27.416
90.28,9,40.626,853.146,812.52,4.761904762,40.626
39.62,7,13.867,291.207,277.34,4.761904762,13.867
92.13,6,27.639,580.419,552.78,4.761904762,27.639
34.84,4,6.968,146.328,139.36,4.761904762,6.968
87.45,6,26.235,550.935,524.7,4.761904762,26.235
81.3,6,24.39,512.19,487.8,4.761904762,24.39
90.22,3,13.533,284.193,270.66,4.761904762,13.533
26.31,5,6.5775,138.1275,131.55,4.761904762,6.5775
34.42,6,10.326,216.846,206.52,4.761904762,10.326
51.91,10,25.955,545.055,519.1,4.761904762,25.955
72.5,8,29,609,580,4.761904762,29
89.8,10,44.9,942.9,898,4.761904762,44.9
90.5,10,45.25,950.25,905,4.761904762,45.25
68.6,10,34.3,720.3,686,4.761904762,34.3
30.41,1,1.5205,31.9305,30.41,4.761904762,1.5205
77.95,6,23.385,491.085,467.7,4.761904762,23.385
46.26,6,13.878,291.438,277.56,4.761904762,13.878
30.14,10,15.07,316.47,301.4,4.761904762,15.07
66.14,4,13.228,277.788,264.56,4.761904762,13.228
71.86,8,28.744,603.624,574.88,4.761904762,28.744
32.46,8,12.984,272.664,259.68,4.761904762,12.984
91.54,4,18.308,384.468,366.16,4.761904762,18.308
34.56,7,12.096,254.016,241.92,4.761904762,12.096
83.24,9,37.458,786.618,749.16,4.761904762,37.458
16.48,6,4.944,103.824,98.88,4.761904762,4.944
80.97,8,32.388,680.148,647.76,4.761904762,32.388
92.29,5,23.0725,484.5225,461.45,4.761904762,23.0725
72.17,1,3.6085,75.7785,72.17,4.761904762,3.6085
50.28,5,12.57,263.97,251.4,4.761904762,12.57
97.22,9,43.749,918.729,874.98,4.761904762,43.749
93.39,6,28.017,588.357,560.34,4.761904762,28.017
43.18,8,17.272,362.712,345.44,4.761904762,17.272
63.69,1,3.1845,66.8745,63.69,4.761904762,3.1845
45.79,7,16.0265,336.5565,320.53,4.761904762,16.0265
76.4,2,7.64,160.44,152.8,4.761904762,7.64
39.9,10,19.95,418.95,399,4.761904762,19.95
42.57,8,17.028,357.588,340.56,4.761904762,17.028
95.58,10,47.79,1003.59,955.8,4.761904762,47.79
98.98,10,49.49,1039.29,989.8,4.761904762,49.49
51.28,6,15.384,323.064,307.68,4.761904762,15.384
69.52,7,24.332,510.972,486.64,4.761904762,24.332
70.01,5,17.5025,367.5525,350.05,4.761904762,17.5025
80.05,5,20.0125,420.2625,400.25,4.761904762,20.0125
20.85,8,8.34,175.14,166.8,4.761904762,8.34
52.89,6,15.867,333.207,317.34,4.761904762,15.867
19.79,8,7.916,166.236,158.32,4.761904762,7.916
33.84,9,15.228,319.788,304.56,4.761904762,15.228
22.17,8,8.868,186.228,177.36,4.761904762,8.868
22.51,7,7.8785,165.4485,157.57,4.761904762,7.8785
73.88,6,22.164,465.444,443.28,4.761904762,22.164
86.8,3,13.02,273.42,260.4,4.761904762,13.02
64.26,7,22.491,472.311,449.82,4.761904762,22.491
38.47,8,15.388,323.148,307.76,4.761904762,15.388
15.5,10,7.75,162.75,155,4.761904762,7.75
34.31,8,13.724,288.204,274.48,4.761904762,13.724
12.34,7,4.319,90.699,86.38,4.761904762,4.319
18.08,3,2.712,56.952,54.24,4.761904762,2.712
94.49,8,37.796,793.716,755.92,4.761904762,37.796
46.47,4,9.294,195.174,185.88,4.761904762,9.294
74.07,1,3.7035,77.7735,74.07,4.761904762,3.7035
69.81,4,13.962,293.202,279.24,4.761904762,13.962
77.04,3,11.556,242.676,231.12,4.761904762,11.556
73.52,2,7.352,154.392,147.04,4.761904762,7.352
87.8,9,39.51,829.71,790.2,4.761904762,39.51
25.55,4,5.11,107.31,102.2,4.761904762,5.11
32.71,5,8.1775,171.7275,163.55,4.761904762,8.1775
74.29,1,3.7145,78.0045,74.29,4.761904762,3.7145
43.7,2,4.37,91.77,87.4,4.761904762,4.37
25.29,1,1.2645,26.5545,25.29,4.761904762,1.2645
41.5,4,8.3,174.3,166,4.761904762,8.3
71.39,5,17.8475,374.7975,356.95,4.761904762,17.8475
19.15,6,5.745,120.645,114.9,4.761904762,5.745
57.49,4,11.498,241.458,229.96,4.761904762,11.498
61.41,7,21.4935,451.3635,429.87,4.761904762,21.4935
25.9,10,12.95,271.95,259,4.761904762,12.95
17.77,5,4.4425,93.2925,88.85,4.761904762,4.4425
23.03,9,10.3635,217.6335,207.27,4.761904762,10.3635
66.65,9,29.9925,629.8425,599.85,4.761904762,29.9925
28.53,10,14.265,299.565,285.3,4.761904762,14.265
30.37,3,4.5555,95.6655,91.11,4.761904762,4.5555
99.73,9,44.8785,942.4485,897.57,4.761904762,44.8785
26.23,9,11.8035,247.8735,236.07,4.761904762,11.8035
93.26,9,41.967,881.307,839.34,4.761904762,41.967
92.36,5,23.09,484.89,461.8,4.761904762,23.09
46.42,3,6.963,146.223,139.26,4.761904762,6.963
29.61,7,10.3635,217.6335,207.27,4.761904762,10.3635
18.28,1,0.914,19.194,18.28,4.761904762,0.914
24.77,5,6.1925,130.0425,123.85,4.761904762,6.1925
94.64,3,14.196,298.116,283.92,4.761904762,14.196
94.87,8,37.948,796.908,758.96,4.761904762,37.948
57.34,3,8.601,180.621,172.02,4.761904762,8.601
45.35,6,13.605,285.705,272.1,4.761904762,13.605
62.08,7,21.728,456.288,434.56,4.761904762,21.728
11.81,5,2.9525,62.0025,59.05,4.761904762,2.9525
12.54,1,0.627,13.167,12.54,4.761904762,0.627
43.25,2,4.325,90.825,86.5,4.761904762,4.325
87.16,2,8.716,183.036,174.32,4.761904762,8.716
69.37,9,31.2165,655.5465,624.33,4.761904762,31.2165
37.06,4,7.412,155.652,148.24,4.761904762,7.412
90.7,6,27.21,571.41,544.2,4.761904762,27.21
63.42,8,25.368,532.728,507.36,4.761904762,25.368
81.37,2,8.137,170.877,162.74,4.761904762,8.137
10.59,3,1.5885,33.3585,31.77,4.761904762,1.5885
84.09,9,37.8405,794.6505,756.81,4.761904762,37.8405
73.82,4,14.764,310.044,295.28,4.761904762,14.764
51.94,10,25.97,545.37,519.4,4.761904762,25.97
93.14,2,9.314,195.594,186.28,4.761904762,9.314
17.41,5,4.3525,91.4025,87.05,4.761904762,4.3525
44.22,5,11.055,232.155,221.1,4.761904762,11.055
13.22,5,3.305,69.405,66.1,4.761904762,3.305
89.69,1,4.4845,94.1745,89.69,4.761904762,4.4845
24.94,9,11.223,235.683,224.46,4.761904762,11.223
59.77,2,5.977,125.517,119.54,4.761904762,5.977
93.2,2,9.32,195.72,186.4,4.761904762,9.32
62.65,4,12.53,263.13,250.6,4.761904762,12.53
93.87,8,37.548,788.508,750.96,4.761904762,37.548
47.59,8,19.036,399.756,380.72,4.761904762,19.036
81.4,3,12.21,256.41,244.2,4.761904762,12.21
17.94,5,4.485,94.185,89.7,4.761904762,4.485
77.72,4,15.544,326.424,310.88,4.761904762,15.544
73.06,7,25.571,536.991,511.42,4.761904762,25.571
46.55,9,20.9475,439.8975,418.95,4.761904762,20.9475
35.19,10,17.595,369.495,351.9,4.761904762,17.595
14.39,2,1.439,30.219,28.78,4.761904762,1.439
23.75,4,4.75,99.75,95,4.761904762,4.75
58.9,8,23.56,494.76,471.2,4.761904762,23.56
32.62,4,6.524,137.004,130.48,4.761904762,6.524
66.35,1,3.3175,69.6675,66.35,4.761904762,3.3175
25.91,6,7.773,163.233,155.46,4.761904762,7.773
32.25,4,6.45,135.45,129,4.761904762,6.45
65.94,4,13.188,276.948,263.76,4.761904762,13.188
75.06,9,33.777,709.317,675.54,4.761904762,33.777
16.45,4,3.29,69.09,65.8,4.761904762,3.29
38.3,4,7.66,160.86,153.2,4.761904762,7.66
22.24,10,11.12,233.52,222.4,4.761904762,11.12
54.45,1,2.7225,57.1725,54.45,4.761904762,2.7225
98.4,7,34.44,723.24,688.8,4.761904762,34.44
35.47,4,7.094,148.974,141.88,4.761904762,7.094
74.6,10,37.3,783.3,746,4.761904762,37.3
70.74,4,14.148,297.108,282.96,4.761904762,14.148
35.54,10,17.77,373.17,355.4,4.761904762,17.77
67.43,5,16.8575,354.0075,337.15,4.761904762,16.8575
21.12,2,2.112,44.352,42.24,4.761904762,2.112
21.54,9,9.693,203.553,193.86,4.761904762,9.693
12.03,2,1.203,25.263,24.06,4.761904762,1.203
99.71,6,29.913,628.173,598.26,4.761904762,29.913
47.97,7,16.7895,352.5795,335.79,4.761904762,16.7895
21.82,10,10.91,229.11,218.2,4.761904762,10.91
95.42,4,19.084,400.764,381.68,4.761904762,19.084
70.99,10,35.495,745.395,709.9,4.761904762,35.495
44.02,10,22.01,462.21,440.2,4.761904762,22.01
69.96,8,27.984,587.664,559.68,4.761904762,27.984
37,1,1.85,38.85,37,4.761904762,1.85
15.34,1,0.767,16.107,15.34,4.761904762,0.767
99.83,6,29.949,628.929,598.98,4.761904762,29.949
47.67,4,9.534,200.214,190.68,4.761904762,9.534
66.68,5,16.67,350.07,333.4,4.761904762,16.67
74.86,1,3.743,78.603,74.86,4.761904762,3.743
23.75,9,10.6875,224.4375,213.75,4.761904762,10.6875
48.51,7,16.9785,356.5485,339.57,4.761904762,16.9785
94.88,7,33.208,697.368,664.16,4.761904762,33.208
40.3,10,20.15,423.15,403,4.761904762,20.15
27.85,7,9.7475,204.6975,194.95,4.761904762,9.7475
62.48,1,3.124,65.604,62.48,4.761904762,3.124
36.36,2,3.636,76.356,72.72,4.761904762,3.636
18.11,10,9.055,190.155,181.1,4.761904762,9.055
51.92,5,12.98,272.58,259.6,4.761904762,12.98
28.84,4,5.768,121.128,115.36,4.761904762,5.768
78.38,6,23.514,493.794,470.28,4.761904762,23.514
60.01,4,12.002,252.042,240.04,4.761904762,12.002
88.61,1,4.4305,93.0405,88.61,4.761904762,4.4305
99.82,2,9.982,209.622,199.64,4.761904762,9.982
39.01,1,1.9505,40.9605,39.01,4.761904762,1.9505
48.61,1,2.4305,51.0405,48.61,4.761904762,2.4305
51.19,4,10.238,214.998,204.76,4.761904762,10.238
14.96,8,5.984,125.664,119.68,4.761904762,5.984
72.2,7,25.27,530.67,505.4,4.761904762,25.27
40.23,7,14.0805,295.6905,281.61,4.761904762,14.0805
88.79,8,35.516,745.836,710.32,4.761904762,35.516
26.48,3,3.972,83.412,79.44,4.761904762,3.972
81.91,2,8.191,172.011,163.82,4.761904762,8.191
79.93,6,23.979,503.559,479.58,4.761904762,23.979
69.33,2,6.933,145.593,138.66,4.761904762,6.933
14.23,5,3.5575,74.7075,71.15,4.761904762,3.5575
15.55,9,6.9975,146.9475,139.95,4.761904762,6.9975
78.13,10,39.065,820.365,781.3,4.761904762,39.065
99.37,2,9.937,208.677,198.74,4.761904762,9.937
21.08,3,3.162,66.402,63.24,4.761904762,3.162
74.79,5,18.6975,392.6475,373.95,4.761904762,18.6975
29.67,7,10.3845,218.0745,207.69,4.761904762,10.3845
44.07,4,8.814,185.094,176.28,4.761904762,8.814
22.93,9,10.3185,216.6885,206.37,4.761904762,10.3185
39.42,1,1.971,41.391,39.42,4.761904762,1.971
15.26,6,4.578,96.138,91.56,4.761904762,4.578
61.77,5,15.4425,324.2925,308.85,4.761904762,15.4425
21.52,6,6.456,135.576,129.12,4.761904762,6.456
97.74,4,19.548,410.508,390.96,4.761904762,19.548
99.78,5,24.945,523.845,498.9,4.761904762,24.945
94.26,4,18.852,395.892,377.04,4.761904762,18.852
51.13,4,10.226,214.746,204.52,4.761904762,10.226
36.36,4,7.272,152.712,145.44,4.761904762,7.272
22.02,9,9.909,208.089,198.18,4.761904762,9.909
32.9,3,4.935,103.635,98.7,4.761904762,4.935
77.02,5,19.255,404.355,385.1,4.761904762,19.255
23.48,2,2.348,49.308,46.96,4.761904762,2.348
14.7,5,3.675,77.175,73.5,4.761904762,3.675
28.45,5,7.1125,149.3625,142.25,4.761904762,7.1125
76.4,9,34.38,721.98,687.6,4.761904762,34.38
57.95,6,17.385,365.085,347.7,4.761904762,17.385
47.65,3,7.1475,150.0975,142.95,4.761904762,7.1475
42.82,9,19.269,404.649,385.38,4.761904762,19.269
48.09,3,7.2135,151.4835,144.27,4.761904762,7.2135
55.97,7,19.5895,411.3795,391.79,4.761904762,19.5895
76.9,7,26.915,565.215,538.3,4.761904762,26.915
97.03,5,24.2575,509.4075,485.15,4.761904762,24.2575
44.65,3,6.6975,140.6475,133.95,4.761904762,6.6975
77.93,9,35.0685,736.4385,701.37,4.761904762,35.0685
71.95,1,3.5975,75.5475,71.95,4.761904762,3.5975
89.25,8,35.7,749.7,714,4.761904762,35.7
26.02,7,9.107,191.247,182.14,4.761904762,9.107
13.5,10,6.75,141.75,135,4.761904762,6.75
99.3,10,49.65,1042.65,993,4.761904762,49.65
51.69,7,18.0915,379.9215,361.83,4.761904762,18.0915
54.73,7,19.1555,402.2655,383.11,4.761904762,19.1555
27,9,12.15,255.15,243,4.761904762,12.15
30.24,1,1.512,31.752,30.24,4.761904762,1.512
89.14,4,17.828,374.388,356.56,4.761904762,17.828
37.55,10,18.775,394.275,375.5,4.761904762,18.775
95.44,10,47.72,1002.12,954.4,4.761904762,47.72
27.5,3,4.125,86.625,82.5,4.761904762,4.125
74.97,1,3.7485,78.7185,74.97,4.761904762,3.7485
80.96,8,32.384,680.064,647.68,4.761904762,32.384
94.47,8,37.788,793.548,755.76,4.761904762,37.788
99.79,2,9.979,209.559,199.58,4.761904762,9.979
73.22,6,21.966,461.286,439.32,4.761904762,21.966
41.24,4,8.248,173.208,164.96,4.761904762,8.248
81.68,4,16.336,343.056,326.72,4.761904762,16.336
51.32,9,23.094,484.974,461.88,4.761904762,23.094
65.94,4,13.188,276.948,263.76,4.761904762,13.188
14.36,10,7.18,150.78,143.6,4.761904762,7.18
21.5,9,9.675,203.175,193.5,4.761904762,9.675
26.26,7,9.191,193.011,183.82,4.761904762,9.191
60.96,2,6.096,128.016,121.92,4.761904762,6.096
70.11,6,21.033,441.693,420.66,4.761904762,21.033
42.08,6,12.624,265.104,252.48,4.761904762,12.624
67.09,5,16.7725,352.2225,335.45,4.761904762,16.7725
96.7,5,24.175,507.675,483.5,4.761904762,24.175
35.38,9,15.921,334.341,318.42,4.761904762,15.921
95.49,7,33.4215,701.8515,668.43,4.761904762,33.4215
96.98,4,19.396,407.316,387.92,4.761904762,19.396
23.65,4,4.73,99.33,94.6,4.761904762,4.73
82.33,4,16.466,345.786,329.32,4.761904762,16.466
26.61,2,2.661,55.881,53.22,4.761904762,2.661
99.69,5,24.9225,523.3725,498.45,4.761904762,24.9225
74.89,4,14.978,314.538,299.56,4.761904762,14.978
40.94,5,10.235,214.935,204.7,4.761904762,10.235
75.82,1,3.791,79.611,75.82,4.761904762,3.791
46.77,6,14.031,294.651,280.62,4.761904762,14.031
32.32,10,16.16,339.36,323.2,4.761904762,16.16
54.07,9,24.3315,510.9615,486.63,4.761904762,24.3315
18.22,7,6.377,133.917,127.54,4.761904762,6.377
80.48,3,12.072,253.512,241.44,4.761904762,12.072
37.95,10,18.975,398.475,379.5,4.761904762,18.975
76.82,1,3.841,80.661,76.82,4.761904762,3.841
52.26,10,26.13,548.73,522.6,4.761904762,26.13
79.74,1,3.987,83.727,79.74,4.761904762,3.987
77.5,5,19.375,406.875,387.5,4.761904762,19.375
54.27,5,13.5675,284.9175,271.35,4.761904762,13.5675
13.59,9,6.1155,128.4255,122.31,4.761904762,6.1155
41.06,6,12.318,258.678,246.36,4.761904762,12.318
19.24,9,8.658,181.818,173.16,4.761904762,8.658
39.43,6,11.829,248.409,236.58,4.761904762,11.829
46.22,4,9.244,194.124,184.88,4.761904762,9.244
13.98,1,0.699,14.679,13.98,4.761904762,0.699
39.75,5,9.9375,208.6875,198.75,4.761904762,9.9375
97.79,7,34.2265,718.7565,684.53,4.761904762,34.2265
67.26,4,13.452,282.492,269.04,4.761904762,13.452
13.79,5,3.4475,72.3975,68.95,4.761904762,3.4475
68.71,4,13.742,288.582,274.84,4.761904762,13.742
56.53,4,11.306,237.426,226.12,4.761904762,11.306
23.82,5,5.955,125.055,119.1,4.761904762,5.955
34.21,10,17.105,359.205,342.1,4.761904762,17.105
21.87,2,2.187,45.927,43.74,4.761904762,2.187
20.97,5,5.2425,110.0925,104.85,4.761904762,5.2425
25.84,3,3.876,81.396,77.52,4.761904762,3.876
50.93,8,20.372,427.812,407.44,4.761904762,20.372
96.11,1,4.8055,100.9155,96.11,4.761904762,4.8055
45.38,4,9.076,190.596,181.52,4.761904762,9.076
81.51,1,4.0755,85.5855,81.51,4.761904762,4.0755
57.22,2,5.722,120.162,114.44,4.761904762,5.722
25.22,7,8.827,185.367,176.54,4.761904762,8.827
38.6,3,5.79,121.59,115.8,4.761904762,5.79
84.05,3,12.6075,264.7575,252.15,4.761904762,12.6075
97.21,10,48.605,1020.705,972.1,4.761904762,48.605
25.42,8,10.168,213.528,203.36,4.761904762,10.168
16.28,1,0.814,17.094,16.28,4.761904762,0.814
40.61,9,18.2745,383.7645,365.49,4.761904762,18.2745
53.17,7,18.6095,390.7995,372.19,4.761904762,18.6095
20.87,3,3.1305,65.7405,62.61,4.761904762,3.1305
67.27,5,16.8175,353.1675,336.35,4.761904762,16.8175
90.65,10,45.325,951.825,906.5,4.761904762,45.325
69.08,2,6.908,145.068,138.16,4.761904762,6.908
43.27,2,4.327,90.867,86.54,4.761904762,4.327
23.46,6,7.038,147.798,140.76,4.761904762,7.038
95.54,7,33.439,702.219,668.78,4.761904762,33.439
47.44,1,2.372,49.812,47.44,4.761904762,2.372
99.24,9,44.658,937.818,893.16,4.761904762,44.658
82.93,4,16.586,348.306,331.72,4.761904762,16.586
33.99,6,10.197,214.137,203.94,4.761904762,10.197
17.04,4,3.408,71.568,68.16,4.761904762,3.408
40.86,8,16.344,343.224,326.88,4.761904762,16.344
17.44,5,4.36,91.56,87.2,4.761904762,4.36
88.43,8,35.372,742.812,707.44,4.761904762,35.372
89.21,9,40.1445,843.0345,802.89,4.761904762,40.1445
12.78,1,0.639,13.419,12.78,4.761904762,0.639
19.1,7,6.685,140.385,133.7,4.761904762,6.685
19.15,1,0.9575,20.1075,19.15,4.761904762,0.9575
27.66,10,13.83,290.43,276.6,4.761904762,13.83
45.74,3,6.861,144.081,137.22,4.761904762,6.861
27.07,1,1.3535,28.4235,27.07,4.761904762,1.3535
39.12,1,1.956,41.076,39.12,4.761904762,1.956
74.71,6,22.413,470.673,448.26,4.761904762,22.413
22.01,6,6.603,138.663,132.06,4.761904762,6.603
63.61,5,15.9025,333.9525,318.05,4.761904762,15.9025
25,1,1.25,26.25,25,4.761904762,1.25
20.77,4,4.154,87.234,83.08,4.761904762,4.154
29.56,5,7.39,155.19,147.8,4.761904762,7.39
77.4,9,34.83,731.43,696.6,4.761904762,34.83
79.39,10,39.695,833.595,793.9,4.761904762,39.695
46.57,10,23.285,488.985,465.7,4.761904762,23.285
35.89,1,1.7945,37.6845,35.89,4.761904762,1.7945
40.52,5,10.13,212.73,202.6,4.761904762,10.13
73.05,10,36.525,767.025,730.5,4.761904762,36.525
73.95,4,14.79,310.59,295.8,4.761904762,14.79
22.62,1,1.131,23.751,22.62,4.761904762,1.131
51.34,5,12.835,269.535,256.7,4.761904762,12.835
54.55,10,27.275,572.775,545.5,4.761904762,27.275
37.15,7,13.0025,273.0525,260.05,4.761904762,13.0025
37.02,6,11.106,233.226,222.12,4.761904762,11.106
21.58,1,1.079,22.659,21.58,4.761904762,1.079
98.84,1,4.942,103.782,98.84,4.761904762,4.942
83.77,6,25.131,527.751,502.62,4.761904762,25.131
40.05,4,8.01,168.21,160.2,4.761904762,8.01
43.13,10,21.565,452.865,431.3,4.761904762,21.565
72.57,8,29.028,609.588,580.56,4.761904762,29.028
64.44,5,16.11,338.31,322.2,4.761904762,16.11
65.18,3,9.777,205.317,195.54,4.761904762,9.777
33.26,5,8.315,174.615,166.3,4.761904762,8.315
84.07,4,16.814,353.094,336.28,4.761904762,16.814
34.37,10,17.185,360.885,343.7,4.761904762,17.185
38.6,1,1.93,40.53,38.6,4.761904762,1.93
65.97,8,26.388,554.148,527.76,4.761904762,26.388
32.8,10,16.4,344.4,328,4.761904762,16.4
37.14,5,9.285,194.985,185.7,4.761904762,9.285
60.38,10,30.19,633.99,603.8,4.761904762,30.19
36.98,10,18.49,388.29,369.8,4.761904762,18.49
49.49,4,9.898,207.858,197.96,4.761904762,9.898
41.09,10,20.545,431.445,410.9,4.761904762,20.545
37.15,4,7.43,156.03,148.6,4.761904762,7.43
22.96,1,1.148,24.108,22.96,4.761904762,1.148
77.68,9,34.956,734.076,699.12,4.761904762,34.956
34.7,2,3.47,72.87,69.4,4.761904762,3.47
19.66,10,9.83,206.43,196.6,4.761904762,9.83
25.32,8,10.128,212.688,202.56,4.761904762,10.128
12.12,10,6.06,127.26,121.2,4.761904762,6.06
99.89,2,9.989,209.769,199.78,4.761904762,9.989
75.92,8,30.368,637.728,607.36,4.761904762,30.368
63.22,2,6.322,132.762,126.44,4.761904762,6.322
90.24,6,27.072,568.512,541.44,4.761904762,27.072
98.13,1,4.9065,103.0365,98.13,4.761904762,4.9065
51.52,8,20.608,432.768,412.16,4.761904762,20.608
73.97,1,3.6985,77.6685,73.97,4.761904762,3.6985
31.9,1,1.595,33.495,31.9,4.761904762,1.595
69.4,2,6.94,145.74,138.8,4.761904762,6.94
93.31,2,9.331,195.951,186.62,4.761904762,9.331
88.45,1,4.4225,92.8725,88.45,4.761904762,4.4225
24.18,8,9.672,203.112,193.44,4.761904762,9.672
48.5,3,7.275,152.775,145.5,4.761904762,7.275
84.05,6,25.215,529.515,504.3,4.761904762,25.215
61.29,5,15.3225,321.7725,306.45,4.761904762,15.3225
15.95,6,4.785,100.485,95.7,4.761904762,4.785
90.74,7,31.759,666.939,635.18,4.761904762,31.759
42.91,5,10.7275,225.2775,214.55,4.761904762,10.7275
54.28,7,18.998,398.958,379.96,4.761904762,18.998
99.55,7,34.8425,731.6925,696.85,4.761904762,34.8425
58.39,7,20.4365,429.1665,408.73,4.761904762,20.4365
51.47,1,2.5735,54.0435,51.47,4.761904762,2.5735
54.86,5,13.715,288.015,274.3,4.761904762,13.715
39.39,5,9.8475,206.7975,196.95,4.761904762,9.8475
34.73,2,3.473,72.933,69.46,4.761904762,3.473
71.92,5,17.98,377.58,359.6,4.761904762,17.98
45.71,3,6.8565,143.9865,137.13,4.761904762,6.8565
83.17,6,24.951,523.971,499.02,4.761904762,24.951
37.44,6,11.232,235.872,224.64,4.761904762,11.232
62.87,2,6.287,132.027,125.74,4.761904762,6.287
81.71,6,24.513,514.773,490.26,4.761904762,24.513
91.41,5,22.8525,479.9025,457.05,4.761904762,22.8525
39.21,4,7.842,164.682,156.84,4.761904762,7.842
59.86,2,5.986,125.706,119.72,4.761904762,5.986
54.36,10,27.18,570.78,543.6,4.761904762,27.18
98.09,9,44.1405,926.9505,882.81,4.761904762,44.1405
25.43,6,7.629,160.209,152.58,4.761904762,7.629
86.68,8,34.672,728.112,693.44,4.761904762,34.672
22.95,10,11.475,240.975,229.5,4.761904762,11.475
16.31,9,7.3395,154.1295,146.79,4.761904762,7.3395
28.32,5,7.08,148.68,141.6,4.761904762,7.08
16.67,7,5.8345,122.5245,116.69,4.761904762,5.8345
73.96,1,3.698,77.658,73.96,4.761904762,3.698
97.94,1,4.897,102.837,97.94,4.761904762,4.897
73.05,4,14.61,306.81,292.2,4.761904762,14.61
87.48,6,26.244,551.124,524.88,4.761904762,26.244
30.68,3,4.602,96.642,92.04,4.761904762,4.602
75.88,1,3.794,79.674,75.88,4.761904762,3.794
20.18,4,4.036,84.756,80.72,4.761904762,4.036
18.77,6,5.631,118.251,112.62,4.761904762,5.631
71.2,1,3.56,74.76,71.2,4.761904762,3.56
38.81,4,7.762,163.002,155.24,4.761904762,7.762
29.42,10,14.71,308.91,294.2,4.761904762,14.71
60.95,9,27.4275,575.9775,548.55,4.761904762,27.4275
51.54,5,12.885,270.585,257.7,4.761904762,12.885
66.06,6,19.818,416.178,396.36,4.761904762,19.818
57.27,3,8.5905,180.4005,171.81,4.761904762,8.5905
54.31,9,24.4395,513.2295,488.79,4.761904762,24.4395
58.24,9,26.208,550.368,524.16,4.761904762,26.208
22.21,6,6.663,139.923,133.26,4.761904762,6.663
19.32,7,6.762,142.002,135.24,4.761904762,6.762
37.48,3,5.622,118.062,112.44,4.761904762,5.622
72.04,2,7.204,151.284,144.08,4.761904762,7.204
98.52,10,49.26,1034.46,985.2,4.761904762,49.26
41.66,6,12.498,262.458,249.96,4.761904762,12.498
72.42,3,10.863,228.123,217.26,4.761904762,10.863
21.58,9,9.711,203.931,194.22,4.761904762,9.711
89.2,10,44.6,936.6,892,4.761904762,44.6
42.42,8,16.968,356.328,339.36,4.761904762,16.968
74.51,6,22.353,469.413,447.06,4.761904762,22.353
99.25,2,9.925,208.425,198.5,4.761904762,9.925
81.21,10,40.605,852.705,812.1,4.761904762,40.605
49.33,10,24.665,517.965,493.3,4.761904762,24.665
65.74,9,29.583,621.243,591.66,4.761904762,29.583
79.86,7,27.951,586.971,559.02,4.761904762,27.951
73.98,7,25.893,543.753,517.86,4.761904762,25.893
82.04,5,20.51,430.71,410.2,4.761904762,20.51
26.67,10,13.335,280.035,266.7,4.761904762,13.335
10.13,7,3.5455,74.4555,70.91,4.761904762,3.5455
72.39,2,7.239,152.019,144.78,4.761904762,7.239
85.91,5,21.4775,451.0275,429.55,4.761904762,21.4775
81.31,7,28.4585,597.6285,569.17,4.761904762,28.4585
60.3,4,12.06,253.26,241.2,4.761904762,12.06
31.77,4,6.354,133.434,127.08,4.761904762,6.354
64.27,4,12.854,269.934,257.08,4.761904762,12.854
69.51,2,6.951,145.971,139.02,4.761904762,6.951
27.22,3,4.083,85.743,81.66,4.761904762,4.083
77.68,4,15.536,326.256,310.72,4.761904762,15.536
92.98,2,9.298,195.258,185.96,4.761904762,9.298
18.08,4,3.616,75.936,72.32,4.761904762,3.616
63.06,3,9.459,198.639,189.18,4.761904762,9.459
51.71,4,10.342,217.182,206.84,4.761904762,10.342
52.34,3,7.851,164.871,157.02,4.761904762,7.851
43.06,5,10.765,226.065,215.3,4.761904762,10.765
59.61,10,29.805,625.905,596.1,4.761904762,29.805
14.62,5,3.655,76.755,73.1,4.761904762,3.655
46.53,6,13.959,293.139,279.18,4.761904762,13.959
24.24,7,8.484,178.164,169.68,4.761904762,8.484
45.58,1,2.279,47.859,45.58,4.761904762,2.279
75.2,3,11.28,236.88,225.6,4.761904762,11.28
96.8,3,14.52,304.92,290.4,4.761904762,14.52
14.82,3,2.223,46.683,44.46,4.761904762,2.223
52.2,3,7.83,164.43,156.6,4.761904762,7.83
46.66,9,20.997,440.937,419.94,4.761904762,20.997
36.85,5,9.2125,193.4625,184.25,4.761904762,9.2125
70.32,2,7.032,147.672,140.64,4.761904762,7.032
83.08,1,4.154,87.234,83.08,4.761904762,4.154
64.99,1,3.2495,68.2395,64.99,4.761904762,3.2495
77.56,10,38.78,814.38,775.6,4.761904762,38.78
54.51,6,16.353,343.413,327.06,4.761904762,16.353
51.89,7,18.1615,381.3915,363.23,4.761904762,18.1615
31.75,4,6.35,133.35,127,4.761904762,6.35
53.65,7,18.7775,394.3275,375.55,4.761904762,18.7775
49.79,4,9.958,209.118,199.16,4.761904762,9.958
30.61,1,1.5305,32.1405,30.61,4.761904762,1.5305
57.89,2,5.789,121.569,115.78,4.761904762,5.789
28.96,1,1.448,30.408,28.96,4.761904762,1.448
98.97,9,44.5365,935.2665,890.73,4.761904762,44.5365
93.22,3,13.983,293.643,279.66,4.761904762,13.983
80.93,1,4.0465,84.9765,80.93,4.761904762,4.0465
67.45,10,33.725,708.225,674.5,4.761904762,33.725
38.72,9,17.424,365.904,348.48,4.761904762,17.424
72.6,6,21.78,457.38,435.6,4.761904762,21.78
87.91,5,21.9775,461.5275,439.55,4.761904762,21.9775
98.53,6,29.559,620.739,591.18,4.761904762,29.559
43.46,6,13.038,273.798,260.76,4.761904762,13.038
71.68,3,10.752,225.792,215.04,4.761904762,10.752
91.61,1,4.5805,96.1905,91.61,4.761904762,4.5805
94.59,7,33.1065,695.2365,662.13,4.761904762,33.1065
83.25,10,41.625,874.125,832.5,4.761904762,41.625
91.35,1,4.5675,95.9175,91.35,4.761904762,4.5675
78.88,2,7.888,165.648,157.76,4.761904762,7.888
60.87,2,6.087,127.827,121.74,4.761904762,6.087
82.58,10,41.29,867.09,825.8,4.761904762,41.29
53.3,3,7.995,167.895,159.9,4.761904762,7.995
12.09,1,0.6045,12.6945,12.09,4.761904762,0.6045
64.19,10,32.095,673.995,641.9,4.761904762,32.095
78.31,3,11.7465,246.6765,234.93,4.761904762,11.7465
83.77,2,8.377,175.917,167.54,4.761904762,8.377
99.7,3,14.955,314.055,299.1,4.761904762,14.955
79.91,3,11.9865,251.7165,239.73,4.761904762,11.9865
66.47,10,33.235,697.935,664.7,4.761904762,33.235
28.95,7,10.1325,212.7825,202.65,4.761904762,10.1325
46.2,1,2.31,48.51,46.2,4.761904762,2.31
17.63,5,4.4075,92.5575,88.15,4.761904762,4.4075
52.42,3,7.863,165.123,157.26,4.761904762,7.863
98.79,3,14.8185,311.1885,296.37,4.761904762,14.8185
88.55,8,35.42,743.82,708.4,4.761904762,35.42
55.67,2,5.567,116.907,111.34,4.761904762,5.567
72.52,8,29.008,609.168,580.16,4.761904762,29.008
12.05,5,3.0125,63.2625,60.25,4.761904762,3.0125
19.36,9,8.712,182.952,174.24,4.761904762,8.712
70.21,6,21.063,442.323,421.26,4.761904762,21.063
33.63,1,1.6815,35.3115,33.63,4.761904762,1.6815
15.49,2,1.549,32.529,30.98,4.761904762,1.549
24.74,10,12.37,259.77,247.4,4.761904762,12.37
75.66,5,18.915,397.215,378.3,4.761904762,18.915
55.81,6,16.743,351.603,334.86,4.761904762,16.743
72.78,10,36.39,764.19,727.8,4.761904762,36.39
37.32,9,16.794,352.674,335.88,4.761904762,16.794
60.18,4,12.036,252.756,240.72,4.761904762,12.036
15.69,3,2.3535,49.4235,47.07,4.761904762,2.3535
99.69,1,4.9845,104.6745,99.69,4.761904762,4.9845
88.15,3,13.2225,277.6725,264.45,4.761904762,13.2225
27.93,5,6.9825,146.6325,139.65,4.761904762,6.9825
55.45,1,2.7725,58.2225,55.45,4.761904762,2.7725
42.97,3,6.4455,135.3555,128.91,4.761904762,6.4455
17.14,7,5.999,125.979,119.98,4.761904762,5.999
58.75,6,17.625,370.125,352.5,4.761904762,17.625
87.1,10,43.55,914.55,871,4.761904762,43.55
98.8,2,9.88,207.48,197.6,4.761904762,9.88
48.63,4,9.726,204.246,194.52,4.761904762,9.726
57.74,3,8.661,181.881,173.22,4.761904762,8.661
17.97,4,3.594,75.474,71.88,4.761904762,3.594
47.71,6,14.313,300.573,286.26,4.761904762,14.313
40.62,2,4.062,85.302,81.24,4.761904762,4.062
56.04,10,28.02,588.42,560.4,4.761904762,28.02
93.4,2,9.34,196.14,186.8,4.761904762,9.34
73.41,3,11.0115,231.2415,220.23,4.761904762,11.0115
33.64,8,13.456,282.576,269.12,4.761904762,13.456
45.48,10,22.74,477.54,454.8,4.761904762,22.74
83.77,2,8.377,175.917,167.54,4.761904762,8.377
64.08,7,22.428,470.988,448.56,4.761904762,22.428
73.47,4,14.694,308.574,293.88,4.761904762,14.694
58.95,10,29.475,618.975,589.5,4.761904762,29.475
48.5,6,14.55,305.55,291,4.761904762,14.55
39.48,1,1.974,41.454,39.48,4.761904762,1.974
34.81,1,1.7405,36.5505,34.81,4.761904762,1.7405
49.32,6,14.796,310.716,295.92,4.761904762,14.796
21.48,2,2.148,45.108,42.96,4.761904762,2.148
23.08,6,6.924,145.404,138.48,4.761904762,6.924
49.1,2,4.91,103.11,98.2,4.761904762,4.91
64.83,2,6.483,136.143,129.66,4.761904762,6.483
63.56,10,31.78,667.38,635.6,4.761904762,31.78
72.88,2,7.288,153.048,145.76,4.761904762,7.288
67.1,3,10.065,211.365,201.3,4.761904762,10.065
70.19,9,31.5855,663.2955,631.71,4.761904762,31.5855
55.04,7,19.264,404.544,385.28,4.761904762,19.264
48.63,10,24.315,510.615,486.3,4.761904762,24.315
73.38,7,25.683,539.343,513.66,4.761904762,25.683
52.6,9,23.67,497.07,473.4,4.761904762,23.67
87.37,5,21.8425,458.6925,436.85,4.761904762,21.8425
27.04,4,5.408,113.568,108.16,4.761904762,5.408
62.19,4,12.438,261.198,248.76,4.761904762,12.438
69.58,9,31.311,657.531,626.22,4.761904762,31.311
97.5,10,48.75,1023.75,975,4.761904762,48.75
60.41,8,24.164,507.444,483.28,4.761904762,24.164
32.32,3,4.848,101.808,96.96,4.761904762,4.848
19.77,10,9.885,207.585,197.7,4.761904762,9.885
80.47,9,36.2115,760.4415,724.23,4.761904762,36.2115
88.39,9,39.7755,835.2855,795.51,4.761904762,39.7755
71.77,7,25.1195,527.5095,502.39,4.761904762,25.1195
43,4,8.6,180.6,172,4.761904762,8.6
68.98,1,3.449,72.429,68.98,4.761904762,3.449
15.62,8,6.248,131.208,124.96,4.761904762,6.248
25.7,3,3.855,80.955,77.1,4.761904762,3.855
80.62,6,24.186,507.906,483.72,4.761904762,24.186
75.53,4,15.106,317.226,302.12,4.761904762,15.106
77.63,9,34.9335,733.6035,698.67,4.761904762,34.9335
13.85,9,6.2325,130.8825,124.65,4.761904762,6.2325
98.7,8,39.48,829.08,789.6,4.761904762,39.48
35.68,5,8.92,187.32,178.4,4.761904762,8.92
71.46,7,25.011,525.231,500.22,4.761904762,25.011
11.94,3,1.791,37.611,35.82,4.761904762,1.791
45.38,3,6.807,142.947,136.14,4.761904762,6.807
17.48,6,5.244,110.124,104.88,4.761904762,5.244
25.56,7,8.946,187.866,178.92,4.761904762,8.946
90.63,9,40.7835,856.4535,815.67,4.761904762,40.7835
44.12,3,6.618,138.978,132.36,4.761904762,6.618
36.77,7,12.8695,270.2595,257.39,4.761904762,12.8695
23.34,4,4.668,98.028,93.36,4.761904762,4.668
28.5,8,11.4,239.4,228,4.761904762,11.4
55.57,3,8.3355,175.0455,166.71,4.761904762,8.3355
69.74,10,34.87,732.27,697.4,4.761904762,34.87
97.26,4,19.452,408.492,389.04,4.761904762,19.452
52.18,7,18.263,383.523,365.26,4.761904762,18.263
22.32,4,4.464,93.744,89.28,4.761904762,4.464
56,3,8.4,176.4,168,4.761904762,8.4
19.7,1,0.985,20.685,19.7,4.761904762,0.985
75.88,7,26.558,557.718,531.16,4.761904762,26.558
53.72,1,2.686,56.406,53.72,4.761904762,2.686
81.95,10,40.975,860.475,819.5,4.761904762,40.975
81.2,7,28.42,596.82,568.4,4.761904762,28.42
58.76,10,29.38,616.98,587.6,4.761904762,29.38
91.56,8,36.624,769.104,732.48,4.761904762,36.624
93.96,9,42.282,887.922,845.64,4.761904762,42.282
55.61,7,19.4635,408.7335,389.27,4.761904762,19.4635
84.83,1,4.2415,89.0715,84.83,4.761904762,4.2415
71.63,2,7.163,150.423,143.26,4.761904762,7.163
37.69,2,3.769,79.149,75.38,4.761904762,3.769
31.67,8,12.668,266.028,253.36,4.761904762,12.668
38.42,1,1.921,40.341,38.42,4.761904762,1.921
65.23,10,32.615,684.915,652.3,4.761904762,32.615
10.53,5,2.6325,55.2825,52.65,4.761904762,2.6325
12.29,9,5.5305,116.1405,110.61,4.761904762,5.5305
81.23,7,28.4305,597.0405,568.61,4.761904762,28.4305
22.32,4,4.464,93.744,89.28,4.761904762,4.464
27.28,5,6.82,143.22,136.4,4.761904762,6.82
17.42,10,8.71,182.91,174.2,4.761904762,8.71
73.28,5,18.32,384.72,366.4,4.761904762,18.32
84.87,3,12.7305,267.3405,254.61,4.761904762,12.7305
97.29,8,38.916,817.236,778.32,4.761904762,38.916
35.74,8,14.296,300.216,285.92,4.761904762,14.296
96.52,6,28.956,608.076,579.12,4.761904762,28.956
18.85,10,9.425,197.925,188.5,4.761904762,9.425
55.39,4,11.078,232.638,221.56,4.761904762,11.078
77.2,10,38.6,810.6,772,4.761904762,38.6
72.13,10,36.065,757.365,721.3,4.761904762,36.065
63.88,8,25.552,536.592,511.04,4.761904762,25.552
10.69,5,2.6725,56.1225,53.45,4.761904762,2.6725
55.5,4,11.1,233.1,222,4.761904762,11.1
95.46,8,38.184,801.864,763.68,4.761904762,38.184
76.06,3,11.409,239.589,228.18,4.761904762,11.409
13.69,6,4.107,86.247,82.14,4.761904762,4.107
95.64,4,19.128,401.688,382.56,4.761904762,19.128
11.43,6,3.429,72.009,68.58,4.761904762,3.429
95.54,4,19.108,401.268,382.16,4.761904762,19.108
85.87,7,30.0545,631.1445,601.09,4.761904762,30.0545
67.99,7,23.7965,499.7265,475.93,4.761904762,23.7965
52.42,1,2.621,55.041,52.42,4.761904762,2.621
65.65,2,6.565,137.865,131.3,4.761904762,6.565
28.86,5,7.215,151.515,144.3,4.761904762,7.215
65.31,7,22.8585,480.0285,457.17,4.761904762,22.8585
93.38,1,4.669,98.049,93.38,4.761904762,4.669
25.25,5,6.3125,132.5625,126.25,4.761904762,6.3125
87.87,9,39.5415,830.3715,790.83,4.761904762,39.5415
21.8,8,8.72,183.12,174.4,4.761904762,8.72
94.76,4,18.952,397.992,379.04,4.761904762,18.952
30.62,1,1.531,32.151,30.62,4.761904762,1.531
44.01,8,17.604,369.684,352.08,4.761904762,17.604
10.16,5,2.54,53.34,50.8,4.761904762,2.54
74.58,7,26.103,548.163,522.06,4.761904762,26.103
71.89,8,28.756,603.876,575.12,4.761904762,28.756
10.99,5,2.7475,57.6975,54.95,4.761904762,2.7475
60.47,3,9.0705,190.4805,181.41,4.761904762,9.0705
58.91,7,20.6185,432.9885,412.37,4.761904762,20.6185
46.41,1,2.3205,48.7305,46.41,4.761904762,2.3205
68.55,4,13.71,287.91,274.2,4.761904762,13.71
97.37,10,48.685,1022.385,973.7,4.761904762,48.685
92.6,7,32.41,680.61,648.2,4.761904762,32.41
46.61,2,4.661,97.881,93.22,4.761904762,4.661
27.18,2,2.718,57.078,54.36,4.761904762,2.718
60.87,1,3.0435,63.9135,60.87,4.761904762,3.0435
24.49,10,12.245,257.145,244.9,4.761904762,12.245
92.78,1,4.639,97.419,92.78,4.761904762,4.639
86.69,5,21.6725,455.1225,433.45,4.761904762,21.6725
23.01,6,6.903,144.963,138.06,4.761904762,6.903
30.2,8,12.08,253.68,241.6,4.761904762,12.08
67.39,7,23.5865,495.3165,471.73,4.761904762,23.5865
48.96,9,22.032,462.672,440.64,4.761904762,22.032
75.59,9,34.0155,714.3255,680.31,4.761904762,34.0155
77.47,4,15.494,325.374,309.88,4.761904762,15.494
93.18,2,9.318,195.678,186.36,4.761904762,9.318
50.23,4,10.046,210.966,200.92,4.761904762,10.046
17.75,1,0.8875,18.6375,17.75,4.761904762,0.8875
62.18,10,31.09,652.89,621.8,4.761904762,31.09
10.75,8,4.3,90.3,86,4.761904762,4.3
40.26,10,20.13,422.73,402.6,4.761904762,20.13
64.97,5,16.2425,341.0925,324.85,4.761904762,16.2425
95.15,1,4.7575,99.9075,95.15,4.761904762,4.7575
48.62,8,19.448,408.408,388.96,4.761904762,19.448
53.21,8,21.284,446.964,425.68,4.761904762,21.284
45.44,7,15.904,333.984,318.08,4.761904762,15.904
33.88,8,13.552,284.592,271.04,4.761904762,13.552
96.16,4,19.232,403.872,384.64,4.761904762,19.232
47.16,5,11.79,247.59,235.8,4.761904762,11.79
52.89,4,10.578,222.138,211.56,4.761904762,10.578
47.68,2,4.768,100.128,95.36,4.761904762,4.768
10.17,1,0.5085,10.6785,10.17,4.761904762,0.5085
68.71,3,10.3065,216.4365,206.13,4.761904762,10.3065
60.08,7,21.028,441.588,420.56,4.761904762,21.028
22.01,4,4.402,92.442,88.04,4.761904762,4.402
72.11,9,32.4495,681.4395,648.99,4.761904762,32.4495
41.28,3,6.192,130.032,123.84,4.761904762,6.192
64.95,10,32.475,681.975,649.5,4.761904762,32.475
74.22,10,37.11,779.31,742.2,4.761904762,37.11
10.56,8,4.224,88.704,84.48,4.761904762,4.224
62.57,4,12.514,262.794,250.28,4.761904762,12.514
11.85,8,4.74,99.54,94.8,4.761904762,4.74
91.3,1,4.565,95.865,91.3,4.761904762,4.565
40.73,7,14.2555,299.3655,285.11,4.761904762,14.2555
52.38,1,2.619,54.999,52.38,4.761904762,2.619
38.54,5,9.635,202.335,192.7,4.761904762,9.635
44.63,6,13.389,281.169,267.78,4.761904762,13.389
55.87,10,27.935,586.635,558.7,4.761904762,27.935
29.22,6,8.766,184.086,175.32,4.761904762,8.766
51.94,3,7.791,163.611,155.82,4.761904762,7.791
60.3,1,3.015,63.315,60.3,4.761904762,3.015
39.47,2,3.947,82.887,78.94,4.761904762,3.947
14.87,2,1.487,31.227,29.74,4.761904762,1.487
21.32,1,1.066,22.386,21.32,4.761904762,1.066
93.78,3,14.067,295.407,281.34,4.761904762,14.067
73.26,1,3.663,76.923,73.26,4.761904762,3.663
22.38,1,1.119,23.499,22.38,4.761904762,1.119
72.88,9,32.796,688.716,655.92,4.761904762,32.796
99.1,6,29.73,624.33,594.6,4.761904762,29.73
74.1,1,3.705,77.805,74.1,4.761904762,3.705
98.48,2,9.848,206.808,196.96,4.761904762,9.848
53.19,7,18.6165,390.9465,372.33,4.761904762,18.6165
52.79,10,26.395,554.295,527.9,4.761904762,26.395
95.95,5,23.9875,503.7375,479.75,4.761904762,23.9875
36.51,9,16.4295,345.0195,328.59,4.761904762,16.4295
21.12,8,8.448,177.408,168.96,4.761904762,8.448
28.31,4,5.662,118.902,113.24,4.761904762,5.662
57.59,6,17.277,362.817,345.54,4.761904762,17.277
47.63,9,21.4335,450.1035,428.67,4.761904762,21.4335
86.27,1,4.3135,90.5835,86.27,4.761904762,4.3135
12.76,2,1.276,26.796,25.52,4.761904762,1.276
11.28,9,5.076,106.596,101.52,4.761904762,5.076
51.07,7,17.8745,375.3645,357.49,4.761904762,17.8745
79.59,3,11.9385,250.7085,238.77,4.761904762,11.9385
33.81,3,5.0715,106.5015,101.43,4.761904762,5.0715
90.53,8,36.212,760.452,724.24,4.761904762,36.212
62.82,2,6.282,131.922,125.64,4.761904762,6.282
24.31,3,3.6465,76.5765,72.93,4.761904762,3.6465
64.59,4,12.918,271.278,258.36,4.761904762,12.918
24.82,7,8.687,182.427,173.74,4.761904762,8.687
56.5,1,2.825,59.325,56.5,4.761904762,2.825
21.43,10,10.715,225.015,214.3,4.761904762,10.715
89.06,6,26.718,561.078,534.36,4.761904762,26.718
23.29,4,4.658,97.818,93.16,4.761904762,4.658
65.26,8,26.104,548.184,522.08,4.761904762,26.104
52.35,1,2.6175,54.9675,52.35,4.761904762,2.6175
39.75,1,1.9875,41.7375,39.75,4.761904762,1.9875
90.02,8,36.008,756.168,720.16,4.761904762,36.008
12.1,8,4.84,101.64,96.8,4.761904762,4.84
33.21,10,16.605,348.705,332.1,4.761904762,16.605
10.18,8,4.072,85.512,81.44,4.761904762,4.072
31.99,10,15.995,335.895,319.9,4.761904762,15.995
34.42,6,10.326,216.846,206.52,4.761904762,10.326
83.34,2,8.334,175.014,166.68,4.761904762,8.334
45.58,7,15.953,335.013,319.06,4.761904762,15.953
87.9,1,4.395,92.295,87.9,4.761904762,4.395
73.47,10,36.735,771.435,734.7,4.761904762,36.735
12.19,8,4.876,102.396,97.52,4.761904762,4.876
76.92,10,38.46,807.66,769.2,4.761904762,38.46
83.66,5,20.915,439.215,418.3,4.761904762,20.915
57.91,8,23.164,486.444,463.28,4.761904762,23.164
92.49,5,23.1225,485.5725,462.45,4.761904762,23.1225
28.38,5,7.095,148.995,141.9,4.761904762,7.095
50.45,6,15.135,317.835,302.7,4.761904762,15.135
99.16,8,39.664,832.944,793.28,4.761904762,39.664
60.74,7,21.259,446.439,425.18,4.761904762,21.259
47.27,6,14.181,297.801,283.62,4.761904762,14.181
85.6,7,29.96,629.16,599.2,4.761904762,29.96
35.04,9,15.768,331.128,315.36,4.761904762,15.768
44.84,9,20.178,423.738,403.56,4.761904762,20.178
45.97,4,9.194,193.074,183.88,4.761904762,9.194
27.73,5,6.9325,145.5825,138.65,4.761904762,6.9325
11.53,7,4.0355,84.7455,80.71,4.761904762,4.0355
58.32,2,5.832,122.472,116.64,4.761904762,5.832
78.38,4,15.676,329.196,313.52,4.761904762,15.676
84.61,10,42.305,888.405,846.1,4.761904762,42.305
82.88,5,20.72,435.12,414.4,4.761904762,20.72
79.54,2,7.954,167.034,159.08,4.761904762,7.954
49.01,10,24.505,514.605,490.1,4.761904762,24.505
29.15,3,4.3725,91.8225,87.45,4.761904762,4.3725
56.13,4,11.226,235.746,224.52,4.761904762,11.226
93.12,8,37.248,782.208,744.96,4.761904762,37.248
51.34,8,20.536,431.256,410.72,4.761904762,20.536
99.6,3,14.94,313.74,298.8,4.761904762,14.94
35.49,6,10.647,223.587,212.94,4.761904762,10.647
42.85,1,2.1425,44.9925,42.85,4.761904762,2.1425
94.67,4,18.934,397.614,378.68,4.761904762,18.934
68.97,3,10.3455,217.2555,206.91,4.761904762,10.3455
26.26,3,3.939,82.719,78.78,4.761904762,3.939
35.79,9,16.1055,338.2155,322.11,4.761904762,16.1055
16.37,6,4.911,103.131,98.22,4.761904762,4.911
12.73,2,1.273,26.733,25.46,4.761904762,1.273
83.14,7,29.099,611.079,581.98,4.761904762,29.099
35.22,6,10.566,221.886,211.32,4.761904762,10.566
13.78,4,2.756,57.876,55.12,4.761904762,2.756
88.31,1,4.4155,92.7255,88.31,4.761904762,4.4155
39.62,9,17.829,374.409,356.58,4.761904762,17.829
88.25,9,39.7125,833.9625,794.25,4.761904762,39.7125
25.31,2,2.531,53.151,50.62,4.761904762,2.531
99.92,6,29.976,629.496,599.52,4.761904762,29.976
83.35,2,8.335,175.035,166.7,4.761904762,8.335
74.44,10,37.22,781.62,744.4,4.761904762,37.22
64.08,7,22.428,470.988,448.56,4.761904762,22.428
63.15,6,18.945,397.845,378.9,4.761904762,18.945
85.72,3,12.858,270.018,257.16,4.761904762,12.858
78.89,7,27.6115,579.8415,552.23,4.761904762,27.6115
89.48,5,22.37,469.77,447.4,4.761904762,22.37
92.09,3,13.8135,290.0835,276.27,4.761904762,13.8135
57.29,6,17.187,360.927,343.74,4.761904762,17.187
66.52,4,13.304,279.384,266.08,4.761904762,13.304
99.82,9,44.919,943.299,898.38,4.761904762,44.919
45.68,10,22.84,479.64,456.8,4.761904762,22.84
50.79,5,12.6975,266.6475,253.95,4.761904762,12.6975
10.08,7,3.528,74.088,70.56,4.761904762,3.528
93.88,7,32.858,690.018,657.16,4.761904762,32.858
84.25,2,8.425,176.925,168.5,4.761904762,8.425
53.78,1,2.689,56.469,53.78,4.761904762,2.689
35.81,5,8.9525,188.0025,179.05,4.761904762,8.9525
26.43,8,10.572,222.012,211.44,4.761904762,10.572
39.91,3,5.9865,125.7165,119.73,4.761904762,5.9865
21.9,3,3.285,68.985,65.7,4.761904762,3.285
62.85,4,12.57,263.97,251.4,4.761904762,12.57
21.04,4,4.208,88.368,84.16,4.761904762,4.208
65.91,6,19.773,415.233,395.46,4.761904762,19.773
42.57,7,14.8995,312.8895,297.99,4.761904762,14.8995
50.49,9,22.7205,477.1305,454.41,4.761904762,22.7205
46.02,6,13.806,289.926,276.12,4.761904762,13.806
15.8,10,7.9,165.9,158,4.761904762,7.9
98.66,9,44.397,932.337,887.94,4.761904762,44.397
91.98,1,4.599,96.579,91.98,4.761904762,4.599
20.89,2,2.089,43.869,41.78,4.761904762,2.089
15.5,1,0.775,16.275,15.5,4.761904762,0.775
96.82,3,14.523,304.983,290.46,4.761904762,14.523
33.33,2,3.333,69.993,66.66,4.761904762,3.333
38.27,2,3.827,80.367,76.54,4.761904762,3.827
33.3,9,14.985,314.685,299.7,4.761904762,14.985
81.01,3,12.1515,255.1815,243.03,4.761904762,12.1515
15.8,3,2.37,49.77,47.4,4.761904762,2.37
34.49,5,8.6225,181.0725,172.45,4.761904762,8.6225
84.63,10,42.315,888.615,846.3,4.761904762,42.315
36.91,7,12.9185,271.2885,258.37,4.761904762,12.9185
87.08,7,30.478,640.038,609.56,4.761904762,30.478
80.08,3,12.012,252.252,240.24,4.761904762,12.012
86.13,2,8.613,180.873,172.26,4.761904762,8.613
49.92,2,4.992,104.832,99.84,4.761904762,4.992
74.66,4,14.932,313.572,298.64,4.761904762,14.932
26.6,6,7.98,167.58,159.6,4.761904762,7.98
25.45,1,1.2725,26.7225,25.45,4.761904762,1.2725
67.77,1,3.3885,71.1585,67.77,4.761904762,3.3885
59.59,4,11.918,250.278,238.36,4.761904762,11.918
58.15,4,11.63,244.23,232.6,4.761904762,11.63
97.48,9,43.866,921.186,877.32,4.761904762,43.866
99.96,7,34.986,734.706,699.72,4.761904762,34.986
96.37,7,33.7295,708.3195,674.59,4.761904762,33.7295
63.71,5,15.9275,334.4775,318.55,4.761904762,15.9275
14.76,2,1.476,30.996,29.52,4.761904762,1.476
62,8,24.8,520.8,496,4.761904762,24.8
82.34,10,41.17,864.57,823.4,4.761904762,41.17
75.37,8,30.148,633.108,602.96,4.761904762,30.148
56.56,5,14.14,296.94,282.8,4.761904762,14.14
76.6,10,38.3,804.3,766,4.761904762,38.3
58.03,2,5.803,121.863,116.06,4.761904762,5.803
17.49,10,8.745,183.645,174.9,4.761904762,8.745
60.95,1,3.0475,63.9975,60.95,4.761904762,3.0475
40.35,1,2.0175,42.3675,40.35,4.761904762,2.0175
97.38,10,48.69,1022.49,973.8,4.761904762,48.69
31.84,1,1.592,33.432,31.84,4.761904762,1.592
65.82,1,3.291,69.111,65.82,4.761904762,3.291
88.34,7,30.919,649.299,618.38,4.761904762,30.919
